name,title,url_link,online
Sky News,Watch live: Hawaii's Mauna Loa volcano continues to erupt,https://www.youtube.com//watch?v=JBmUDQifs-U,
SBS 뉴스,[LIVE] '세계 최강'을 맞아 최선을 다한 태극전사.. 경기 직후 경기장 모습은? / SBS,https://www.youtube.com//watch?v=WpsbgbZ1zwg,
KBS News,"⚽LIVE - 카타르까지 닿도록 대~한 민국!/대한민국 vs 브라질 16강전, 아시아 대표 8강을 노린다!/카타르 월드컵/이 시각 광화문 응원현장/KBS",https://www.youtube.com//watch?v=-BKMpJJ9f9w,실시간
TIMES NOW,Ukraine War Live : Russia Launches New Missile Attacks As Ukrainians Look For Shelter,https://www.youtube.com//watch?v=okNcBQE6U6w,
Law&Crime Network,Watch Live: Border Patrol Serial Killer Trial - TX v. Juan David Ortiz - Day 6,https://www.youtube.com//watch?v=LRAsAoUCl-s,
TIMES NOW,China Covid News Live: Massive Protest Near White House Against Xi Jinping Over Pandemic Lockdown,https://www.youtube.com//watch?v=GeYwwYCDm1U,
TIMES NOW,Russia-Ukraine War Live : Explosions At Russian Air Bases As Putin Presses Offensive On Bakhmut,https://www.youtube.com//watch?v=pZn4VKl4F00,
CBS News,"LIVE: Latest News, Breaking Stories and Analysis on December 5 | CBS News",https://www.youtube.com//watch?v=cKJpW_G0j_k,
CNN-News18,Russian Soldier Drives Burning Truck To Avoid Damage | Russia Vs Ukraine War Update | News18 Live,https://www.youtube.com//watch?v=jB-jk2nVlnk,
PokerStars,$109 SUNDAY MILLION - DAY 2 ♠️ Nick & Arlie ♠️ PokerStars,https://www.youtube.com//watch?v=rQ1c_JxpWEc,
CNN-News18,Alert Issued Across Ukraine | Explosions Hit Kyiv | Russia Ukraine War Updates | News18 Live,https://www.youtube.com//watch?v=-pZIhIypA74,
TIMES NOW,Ukraine Russia War Live : Zelensky Is Effectively Tackling Putin’s Army With World War Era Weapons,https://www.youtube.com//watch?v=jYBlhLv78lY,
India Today,Watch Live: India Today Exit Poll Results 2022 | Gujarat Elections | Himachal Pradesh | Delhi MCD,https://www.youtube.com//watch?v=_KnHD5ImfO4,
SBS 뉴스,[LIVE] 김태현의 정치쇼 - 12월 6일(화)｜SBS,https://www.youtube.com//watch?v=1Mrv5k6FV8I,
몽키비지엠 MONKEYBGM,"💽오늘의 텐션 UP‼️ 𝐃𝐀𝐈𝐋𝐘 𝐉𝐀𝐙𝐙💕 l  Relaxing Jazz Piano Music for Cafe, Work, Study",https://www.youtube.com//watch?v=fc96lcEsWis,
CNN-News18,Republicans Set To Investigate Hunter Biden | GOP To Target Biden Family | English News Live,https://www.youtube.com//watch?v=m5s8_l8E3Q8,
Peppa Pig - Official Channel,🔴 LIVE Peppa Pig's Clubhouse 🐷🏠 BRAND NEW SEASON 9 PEPPA,https://www.youtube.com//watch?v=-Tp0ytzeA80,
Super Simple Songs - Kids Songs,🔴 Super Simple Songs Holiday Livestream 🎁🎅🎄| Kids Christmas Songs | Super Simple Songs,https://www.youtube.com//watch?v=jW-F8G6wM-w,
Sakshi TV,LIVE: Rayalaseema Garjana: Kurnool People Demand For High Court | Big Question | Sakshi TV,https://www.youtube.com//watch?v=CuksvKQFiWU,
TV9 Telugu Live,Big News Big Debate LIVE | Minister Buggana Rajendranath Reddy Interview - TV9,https://www.youtube.com//watch?v=Z673msd3_W0,
HouseRules,"Rules Committee Meeting on HR 3648, HR 7946, Sen. Amendment to HR 8404 & Sen. Amendment to HR 7776",https://www.youtube.com//watch?v=_zqSMRtLSoU,
TBS 시민의방송,🔴[LIVE] 김어준의 뉴스공장 [12월 6일(화) / TBS],https://www.youtube.com//watch?v=NDyymx5mZqE,실시간
Music Brokers,BEACH & REGGAE 2022 - Live Radio🏝️🍹,https://www.youtube.com//watch?v=6lCwtfHgpb4,
Aaj Tak,🔴Gujarat Exit Poll LIVE: गुजरात में बीजेपी के वापसी के संकेत | Gujarat Elections |BJP |AAP |Congress,https://www.youtube.com//watch?v=pPxzmG62SLg,
Music Brokers,Relaxing Covers - Background Music 🍹,https://www.youtube.com//watch?v=Rs3EkbKoUig,
TV5 News ,LIVE : Modi and Chandrababu Interesting Conversation After Meeting | CM Jagan | Sharmila | TV5 News,https://www.youtube.com//watch?v=efXath_opDo,
Cafe Music BGM channel,"Jazz for Work - Smooth Jazz Instrumental for Energy, Concentration, and Relaxation",https://www.youtube.com//watch?v=DcmqjIUJIlo,
The Ramsey Show - Full Episodes,"The Ramsey Show (December 5, 2022)",https://www.youtube.com//watch?v=bT_puunns7M,
PMOBarbados,Arrival of the President of the Republic of Cuba to Barbados for the Eighth CARICOM-Cuba Summit,https://www.youtube.com//watch?v=dwXgjnRLJHg,실시간
BabyBus - Kids Songs and Cartoons,🔴 LIVE | Police Officer Rescues Baby | Police Cartoon | Cartoon for Kids | BabyBus,https://www.youtube.com//watch?v=88VIIsuuvDQ,실시간
H3 Podcast,I Sent An Impersonator To The Streamys - H3TV #60,https://www.youtube.com//watch?v=YaiCPHTOnsc,
DrDisRespect,🔴LIVE - DR DISRESPECT - CALLISTO PROTOCOL PLAYTHROUGH - PART 2 FINALE,https://www.youtube.com//watch?v=M82eiTI9ERA,
Cozy Coffee Shop,Sweet Instrumental Christmas Jazz Music🎄Cozy Christmas Ambience with Cracking Fireplace for Relaxing,https://www.youtube.com//watch?v=OzNdjbMYTho,실시간
Yellow Brick Cinema - Relaxing Music,"🔴 Relaxing Music 24/7, Stress Relief Music, Sleep Music, Meditation Music, Study, Flowing Stream",https://www.youtube.com//watch?v=yRvo2OSOU50,
Deep Mood.,"Ed Sheeran, Kygo, Avicii, Robin Schulz, Lost Frequencies, The Chainsmokers Styles - Feeling Me #275",https://www.youtube.com//watch?v=MeKVZdRyAWA,실시간
Yellow Brick Cinema - Relaxing Music,"🔴 Relaxing Music 24/7, Healing Music, Meditation Music, Spa Music, Sleep, Zen, Study Music, River",https://www.youtube.com//watch?v=GAlrwXcwpzE,
Playlists Kool,Bossa Nova Beach - Covers 2022,https://www.youtube.com//watch?v=bkmrl-3MZgc,
ONE MUFC,NEYMAR IS BACKKK!! | Brazil vs South Korea | Discussion & Reaction @yjr8722,https://www.youtube.com//watch?v=PPl1rO4ZUqc,실시간
TimTheTatman,🔴LIVE - TIMTHETATMAN UNLOCKS POLYATOMIC IN WARZONE 2!,https://www.youtube.com//watch?v=g03Wh6qRWIk,
Deep Light,"Avicii, Calvin Harris, Kygo, Alok, Robin Schulz, David Guetta, Gryffin - Summer Vibes Mix #185",https://www.youtube.com//watch?v=qZEhgAYvbos,
Deep Mood,"나만 알기엔 너무 띵곡인 팝송 모음| Relaxing Pop Music, Soft Pop Music 2022 #LIVE",https://www.youtube.com//watch?v=3L1tTb6FAJU,실시간
WOA Doll Crafts,🔴 Dolls Dress Up 🔴 Rainbow Rapunzel & Blue Elsa Need To New Hair,https://www.youtube.com//watch?v=if5gO8gXFNA,
Booba – Cartoon for Kids,Booba - Compilation of All episodes 🔴 LIVE - Cartoon for kids,https://www.youtube.com//watch?v=O0EaQ3wFT_U,
Str3sU,CRE K MA BAG ORIGINAL LA CREATIE CU CONTENTU AZI,https://www.youtube.com//watch?v=--OfJPkOrx8,
CouRage,🔴LIVE - FIRST TIME PLAYING CHAPTER 4 FORTNITE!,https://www.youtube.com//watch?v=WyhFHvdb8U8,
Avxry,"🔴 Unlocking ALL Perks in CHAPTER 4 *LIVE* (Full Battlepass, NEW Map, & More)",https://www.youtube.com//watch?v=ADRJ-bbHSZA,
815머니톡,"[LIVE] 미국채금리 급등, 뉴욕증시 급락 / 12월FOMC에서의 긴축 두려움 때문일까? (장시작전, 12월6일) 하창봉,김민수,민재기",https://www.youtube.com//watch?v=bj7Fusd0SSQ,실시간
104.5 ESPN,"AFR | Dec 5, 2022 | LSU falls to Georgia | Saints MNF preview",https://www.youtube.com//watch?v=dAWsZ7GC2pE,실시간
MIRROR NOW,"COVID-19 Was a Man-Made Virus, Claims Wuhan Scientist | ""Leaked From Lab Due to Inadequate Security""",https://www.youtube.com//watch?v=-V65I5oxIx0,
Earth Relaxation,FLYING OVER NETHERLANDS (4K Video UHD) - Soothing Music With Stunning Beautiful Nature Video For TV,https://www.youtube.com//watch?v=xcyVtVXtPN0,
Javohir BooM,THE721 LEAGUE | PRIZ 1250$ | YIL SO'NGIDEGI ENG SHOV SHUVLI LEAGUESI,https://www.youtube.com//watch?v=myrOtnSwyD4,
123 GO Like!,FUNNY DRAWING CHALLENGES AND DIY ART IDEAS || Crafty Hacks And Easy Painting Tricks By 123 GO Like!,https://www.youtube.com//watch?v=k9mXeKiMJhI,
123 GO! FOOD,SMART PARENTING HACKS & TRICKS || Good VS Bad Parents! Best Snack Situations by 123 GO! FOOD,https://www.youtube.com//watch?v=ObR7T2L3FMw,
Old Song Music,[Playlist] 크리스마스노래모음 🎅 포근한 나만의 크리스마스 🎄 광고없는 크리스마스 캐롤 좋은 노래 모음 | waiting for white christmas🎁,https://www.youtube.com//watch?v=TceMjWeLnds,실시간
Animal Stop Motion Cooking,Stop motion ASMR - Catfish hunting Colorful carp koi fish - 다채로운 잉어물고기 | 거대한 개구리 - 무지개 메기/ 스톱 모션,https://www.youtube.com//watch?v=K1zimhaun_I,
Animal Stop Motion Cooking,Stop motion ASMR - Catfish hunting Colorful carp koi fish  - 다채로운 잉어물고기 | 거대한 개구리 - 무지개 메기/ 스톱 모션,https://www.youtube.com//watch?v=lAaHzVUqDZI,
핑크퐁! 아기상어 올리,[🔴 LIVE] 상어가족과 크리스마스를 기다려요 🎁 | 아기상어 크리스마스 메들리 | 뚜루루뚜루 | 핑크퐁! 아기상어 올리,https://www.youtube.com//watch?v=mUwPjvC66UI,
Life Cooking,Poor TOM & JERRY in Real Life - Funny Animation | Stop Motion Cooking & ASMR 4K,https://www.youtube.com//watch?v=1_l-WNupOCA,
Show ASMR,"Big Balloons of Fanta & Pepsi, Giant Coca Cola, Schweppes, Sprite, Mirinda vs Hot and Cold Room #888",https://www.youtube.com//watch?v=4h9X-A4Yvdg,실시간
Watchers Club,Goodbye 2022 Hello 2023 fireworks Happy New Year Watchers Club world fireworks Again show time 불꽃놀이,https://www.youtube.com//watch?v=BwyAmENgucA,
